{
  "main": {
    "proxy": "",
    "headers": {
      "Accept": "*/*",
      "Accept-Language": "en-US,en;q=0.9",
      "Accept-Encoding": "gzip, deflate",
      "Connection": "keep-alive",
      "Origin": "https://hamsterkombatgame.io",
      "Referer": "https://hamsterkombatgame.io/",
      "Sec-Fetch-Dest": "empty",
      "Sec-Fetch-Mode": "cors",
      "Sec-Fetch-Site": "same-site",
      "User-Agent": "Mozilla/5.0 (Linux; Android 14; K) AppleWebKit/537.36 (KHTML, like Gecko) Chrome/116.0.0.0 Mobile Safari/537.36 Edg/126.0.0.0",
      "X-Requested-With": "org.telegram.messenger",
      "Sec-Ch-Ua": "\"Android WebView\";v=\"125\", \"Chromium\";v=\"125\", \"Not.A/Brand\";v=\"24\"",
      "Sec-Ch-Ua-Mobile": "?1",
      "Sec-Ch-Ua-Platform": "\"Android\""
    },
    "fingerprint": {
      "version": "4.2.1",
      "visitorId": "",
      "components": {
        "fonts": {
          "value": [
            "sans-serif-thin"
          ],
          "duration": 128
        },
        "domBlockers": {
          "duration": 1
        },
        "fontPreferences": {
          "value": {
            "default": 149.3125,
            "apple": 145.90625,
            "serif": 164.71875,
            "sans": 145.90625,
            "mono": 132.625,
            "min": 72.953125,
            "system": 145.90625
          },
          "duration": 40
        },
        "audio": {
          "value": 124.0800832115,
          "duration": 15
        },
        "screenFrame": {
          "value": [
            0,
            0,
            50,
            0
          ],
          "duration": 2
        },
        "canvas": null,
        "osCpu": {
          "duration": 0
        },
        "languages": {
          "value": [
            [
              "en-US"
            ]
          ],
          "duration": 7
        },
        "colorDepth": {
          "value": 24,
          "duration": 0
        },
        "deviceMemory": {
          "value": 4,
          "duration": 0
        },
        "screenResolution": {
          "value": [
            720,
            1280
          ],
          "duration": 0
        },
        "hardwareConcurrency": {
          "value": 8,
          "duration": 0
        },
        "timezone": {
          "value": "Africa/Lagos",
          "duration": 63
        },
        "sessionStorage": {
          "value": true,
          "duration": 0
        },
        "localStorage": {
          "value": true,
          "duration": 0
        },
        "indexedDB": {
          "value": true,
          "duration": 1
        },
        "openDatabase": {
          "value": true,
          "duration": 0
        },
        "cpuClass": {
          "duration": 0
        },
        "platform": {
          "value": "Linux armv81",
          "duration": 0
        },
        "plugins": {
          "value": [],
          "duration": 2
        },
        "touchSupport": {
          "value": {
            "maxTouchPoints": 5,
            "touchEvent": true,
            "touchStart": true
          },
          "duration": 0
        },
        "vendor": {
          "value": "Google Inc.",
          "duration": 0
        },
        "vendorFlavors": {
          "value": ["chrome"],
          "duration": 0
        },
        "cookiesEnabled": {
          "value": true,
          "duration": 6
        },
        "colorGamut": {
          "value": "srgb",
          "duration": 0
        },
        "invertedColors": {
          "duration": 1
        },
        "forcedColors": {
          "value": false,
          "duration": 0
        },
        "monochrome": {
          "value": 0,
          "duration": 0
        },
        "contrast": {
          "value": 0,
          "duration": 0
        },
        "reducedMotion": {
          "value": false,
          "duration": 0
        },
        "reducedTransparency": {
          "value": false,
          "duration": 1
        },
        "hdr": {
          "value": false,
          "duration": 0
        },
        "math": {
          "value": {
            "acos": 1.4473588658278522,
            "acosh": 709.889355822726,
            "acoshPf": 355.291251501643,
            "asin": 0.12343746096704435,
            "asinh": 0.881373587019543,
            "asinhPf": 0.8813735870195429,
            "atanh": 0.5493061443340548,
            "atanhPf": 0.5493061443340548,
            "atan": 0.4636476090008061,
            "sin": 0.8178819121159085,
            "sinh": 1.1752011936438014,
            "sinhPf": 2.534342107873324,
            "cos": -0.8390715290095377,
            "cosh": 1.5430806348152437,
            "coshPf": 1.5430806348152437,
            "tan": -1.4214488238747245,
            "tanh": 0.7615941559557649,
            "tanhPf": 0.7615941559557649,
            "exp": 2.718281828459045,
            "expm1": 1.718281828459045,
            "expm1Pf": 1.718281828459045,
            "log1p": 2.3978952727983707,
            "log1pPf": 2.3978952727983707,
            "powPI": 1.9275814160560204e-50
          },
          "duration": 2
        },
        "pdfViewerEnabled": {
          "value": false,
          "duration": 0
        },
        "architecture": {
          "value": 127,
          "duration": 0
        },
        "applePay": {
          "value": -1,
          "duration": 0
        },
        "privateClickMeasurement": {
          "duration": 0
        },
        "webGlBasics": {
          "value": {
            "version": "WebGL 1.0 (OpenGL ES 2.0 Chromium)",
            "vendor": "WebKit",
            "vendorUnmasked": "Qualcomm",
            "renderer": "WebKit WebGL",
            "rendererUnmasked": "Mali-G57 MC2",
            "shadingLanguageVersion": "WebGL GLSL ES 1.0 (OpenGL ES GLSL ES 1.0 Chromium)"
          },
          "duration": 22
        },
        "webGlExtensions": null
      }
    }
  }
}
