{
    "multitap": [
        {"level": 0, "money": 0, "touch": 1, "img": "img1$1"},
        {"level": 1, "money": 100, "touch": 2, "img": "img1$1"},
        {"level": 2, "money": 2000, "touch": 3, "img": "img2$1"},
        {"level": 3, "money": 4000, "touch": 4, "img": "img3"},
        {"level": 4, "money": 8000, "touch": 5, "img": "img4"},
        {"level": 5, "money": 16000, "touch": 6, "img": "img5"},
        {"level": 6, "money": 32000, "touch": 7, "img": "img6"},
        {"level": 7, "money": 64000, "touch": 8, "img": "img7"},
        {"level": 8, "money": 128000, "touch": 9, "img": "img8"},
        {"level": 9, "money": 256000, "touch": 10, "img": "img9"},
        {"level": 10, "money": 512000, "touch": 11, "img": "img10"},
        {"level": 11, "money": 1024000, "touch": 12, "img": "img11"},
        {"level": 12, "money": 2048000, "touch": 13, "img": "img12"},
        {"level": 13, "money": 4096000, "touch": 14, "img": "img13"},
        {"level": 14, "money": 8192000, "touch": 15, "img": "img14"},
        {"level": 15, "money": 16384000, "touch": 16, "img": "img15"},
        {"level": 16, "money": 32768000, "touch": 17, "img": "img16"},
        {"level": 17, "money": 65536000, "touch": 18, "img": "img17"},
        {"level": 18, "money": 131071000, "touch": 19, "img": "img18"},
        {"level": 19, "money": 262144000, "touch": 20, "img": "img19"},
        {"level": 20, "money": 524288000, "touch": 21, "img": "img20"}
    ],
    "buffery": [
        {"level": "0", "money": 0, "total": 1000},
        {"level": "1", "money": 100, "total": 1500},
        {"level": "2", "money": 2000, "total": 2000},
        {"level": "3", "money": 4000, "total": 2500},
        {"level": "4", "money": 8000, "total": 3000},
        {"level": "5", "money": 16000, "total": 3500},
        {"level": "6", "money": 32000, "total": 4000},
        {"level": "7", "money": 64000, "total": 4500},
        {"level": "8", "money": 128000, "total": 5000},
        {"level": "9", "money": 256000, "total": 5500},
        {"level": "10", "money": 512000, "total": 6000},
        {"level": "11", "money": 1024000, "total": 6500},
        {"level": "12", "money": 2048000, "total": 7000},
        {"level": "13", "money": 4096000, "total": 7500},
        {"level": "14", "money": 8192000, "total": 8000},
        {"level": "15", "money": 16384000, "total": 8500},
        {"level": "16", "money": 32768000, "total": 9000},
        {"level": "17", "money": 65536000, "total": 9500},
        {"level": "18", "money": 131071000, "total": 10000},
        {"level": "19", "money": 262144000, "total": 10500},
        {"level": "20", "money": 524288000, "total": 11000}
    ],
    "recover": [
        {"level": "0", "money": 0, "speech": 1},
        {"level": "1", "money": 100, "speech": 2},
        {"level": "2", "money": 2000, "speech": 3},
        {"level": "3", "money": 4000, "speech": 4}
    ]
}

